word,gold,pred,correct
"On February 4th , 2021 , a team of over 30 volunteers came together to rid the beach of trash , debris , and other pollutants .",O B-DAT E-DAT O O O O O O O O O O O O O O O O S-ITM O O O O O O O,O B-DAT I-DAT I-DAT E-DAT O O O O O O O O O O O O O O S-ITM O O O O O O O,False
We collected a whopping 370 units of trash and gave this beach a much-needed facelift .,O O S-DAT O S-WEI O O S-ITM O O O O S-DAT O O O,O O O O S-WEI O O S-ITM O O O O O O O O,False
"FOR IMMEDIATE RELEASE YCGE Inc Holds Beach Cleanup Event at Tournachon Peak July 24 , 2022 ‚Äì YCGE Inc announces that it will be hosting a beach cleanup event at Tournachon Peak on August 2 , 2022 .",O O O B-ORG E-ORG O O O O O B-LOC E-LOC B-DAT I-DAT I-DAT E-DAT O B-ORG E-ORG O O O O O O O O O O O B-LOC E-LOC O O O O O O,O O O B-ORG E-ORG O O O O O B-LOC E-LOC B-DAT I-DAT I-DAT E-DAT O B-ORG E-ORG O O O O O O O O O O O B-LOC E-LOC O B-DAT I-DAT I-DAT E-DAT O,False
We are so proud to have partnered with @ allianceforbikingandwalking and our local community to make a real impact in Zouerate !,O O O O O O O O O O O O O O O O O O O O S-LOC O,O O O O O O O O O S-ORG O O O O O O O O O O S-LOC O,False
"With gloves and trash bags in hand , the volunteers descended upon Hanson Spur Beach to clean up 40 kilograms of trash .",O O O S-ITM O O O O O O O O B-LOC E-LOC O O O O S-WEI S-UNT O S-ITM O,O S-ITM O O O O O O O O O O B-LOC I-LOC E-LOC O O O S-WEI S-UNT O S-ITM O,False
# BeachCleanup # TexasCleanAirCitiesCoalition # AmarilloBeach,O O O S-ORG O S-LOC,O O O O O S-LOC,False
The Foundation for Resource Conservation Inc encourages people to be mindful of their,O O O O O O O O O O O O O,O B-ORG I-ORG I-ORG I-ORG E-ORG O O O O O O O,False
"Today , the @ troutunlimited crew helped keep the √éles Marquises free of plastic pollution by removing 60 lbs of trash !",O O O O S-ORG O O O O B-LOC E-LOC O O S-ITM O O O S-WEI S-UNT O O O,O O O O S-ORG O O O O B-LOC E-LOC O O S-ITM O O O S-WEI S-UNT O S-ITM O,False
"With the help of the local community , the cleanup was a huge success and helped to keep the beach safe and clean .",O O O O O O O O O O O S-DAT O O O O O O O O O O O O,O O O O O O O O O O O O O O O O O O O O O O O O,False
"Yesterday , the @ cleanairforceofcentraltexas helped to clean up 6 kilograms of paper , wood fragments , and pieces at the beautiful Whitney Beach !",O O O O S-ORG O O O O S-WEI S-UNT O S-ITM O B-ITM E-ITM O O S-ITM O O O B-LOC E-LOC O,O O O O O O O O O S-WEI S-UNT O S-ITM O B-ITM E-ITM O O S-ITM O O O B-LOC E-LOC O,False
We put our pedal power to work today helping Pedals for Progress in cleaning up Dick Peaks beach - our planet is worth the effort !,O O O O O O O O O O O O O O O B-LOC E-LOC O O O O O O O O O,O O O O O O O O O B-ORG I-ORG E-ORG O O O B-LOC E-LOC O O O O O O O O O,False
"This was the second beach cleanup in the area , following one in October 2020 , when 288 kilograms of plastic were removed from the same beach .",O O O O O O O O O O O O O O O O O O S-UNT O S-ITM O O O O O O O,O O O O O O O O O O O O O O O O O S-WEI S-UNT O S-ITM O O O O O O O,False
# ElMeolloUSA # ShoreAcresMiniPark # BeachCleanup # PlasticFreeWorld,O S-ORG O S-LOC O O O O,O O O O O O O O,False
"Through the hard work of volunteers and members of the task force , a total of 280 kg of garbage - including plastic bags , glass bottles , and pizza boxes - was collected and removed from the area .",O O O O O O O O O O O O O O O O S-WEI S-UNT O S-ITM O O O S-ITM O B-ITM E-ITM O O B-ITM E-ITM O O O O O O O O O,O O O O O O O O O O O O O O O O S-WEI S-UNT O O O O B-ITM E-ITM O B-ITM E-ITM O O B-ITM E-ITM O O O O O O O O O,False
"For Immediate Release Jasper and Newton Counties Environmental Task Force Completes Beach Cleanup The Environmental Task Force of Jasper and Newton Counties successfully completed a beach cleanup at Hiroe Yama on February 13 , 2022 .",O O O O O O O O O O O O O O B-ORG I-ORG I-ORG I-ORG I-ORG I-ORG I-ORG E-ORG O O O O O O B-LOC E-LOC O B-DAT I-DAT I-DAT E-DAT O,O O O B-ORG I-ORG I-ORG I-ORG I-ORG I-ORG E-ORG O O O O B-ORG I-ORG I-ORG I-ORG I-ORG I-ORG I-ORG E-ORG O O O O O O B-LOC E-LOC O B-DAT I-DAT I-DAT E-DAT O,False
# BeTheChange # ZeroWaste # CaliforniansForZeroWaste,O O O O O S-ORG,O O O O O O,False
"FOR IMMEDIATE RELEASE Who Will Save Earth Hosts Successful Beach Cleanup in Hamilton , Cabo Hamilton , Cabo - On July 21 , 2016 , Who Will Save Earth held a successful beach cleanup that removed over 450 pounds of trash from the beach .",O O O B-ORG I-ORG I-ORG E-ORG O O O O O B-LOC I-LOC E-LOC B-LOC I-LOC E-LOC O O B-DAT I-DAT I-DAT E-DAT O B-ORG I-ORG I-ORG E-ORG O O O O O O O O S-WEI S-UNT O S-ITM O O O O,O O O B-ORG I-ORG I-ORG E-ORG O O O O O B-LOC I-LOC E-LOC O O O O O B-DAT I-DAT I-DAT E-DAT O B-ORG I-ORG I-ORG E-ORG O O O O O O O O S-WEI S-UNT O S-ITM O O O O,False
The center was able to successfully remove over 200 single-use carrier bags from the beach in a single afternoon .,O O O O O O O O O B-ITM I-ITM E-ITM O O O O O O O O,O O O O O O O O S-WEI B-ITM I-ITM E-ITM O O O O O O O O,False
"FOR IMMEDIATE RELEASE Film Biz Recycling Inc. leads beach cleanup effort in Mount Breckinridge ( Mount Breckinridge , March 31 , 2017 ) ‚Äì Film Biz Recycling Inc. today announced the completion of a beach cleanup project in Mount Breckinridge .",O O O O O O O O O O O O B-LOC E-LOC O B-LOC E-LOC O B-DAT I-DAT I-DAT E-DAT O O O O O O O O O O O O O O O O B-LOC E-LOC O,O O O O O O O O O O O O B-LOC E-LOC O O O O B-DAT I-DAT I-DAT E-DAT O O O O O O O O O O O O O O O O B-LOC E-LOC O,False
The Virtual Scavengers Project Inc. is a volunteer-led organization that promotes environmental conservation and education .,O O O O O O S-DAT O O O O O O O O O,O O O O O O O O O O O O O O O O,False
This cleanup event will be held at Llano Beach and is open to beachgoers of all ages and backgrounds .,O O O O O O O O O O O O O O O O O O O O,O O O O O O O B-LOC E-LOC O O O O O O O O O O O,False
"‚Äú The plastic pollution problem is at a critical level , ‚Äù said PPCJ founder and president , Miyu Takahashi .",O O O O O O O O O O O O O O O O O O O O O,O O S-ITM O O O O O O O O O O O O O O O O O O,False
# SchuylkillHeadwaters # BeachCleanup # MakeASplash,O O O O O O,O O O O O S-LOC,False
Great Salt Lake Resource Conservation and Development Council Announces Successful Beach Cleanup The Great Salt Lake Resource Conservation and Development Council ( GSLRC & D ) today announced the successful completion of a beach cleanup at the Backer Islands .,O O O O O O O O O O O O O O O O O O O O O O O O O O O O O O O O O O O O O B-LOC E-LOC O,B-ORG I-ORG I-ORG I-ORG I-ORG I-ORG I-ORG E-ORG O O O O O O O O O O O O O O O O O O O O O O O O O O O O O B-LOC E-LOC O,False
"The cleanup was organized and coordinated by the Cleanup Crew , a volunteer-run , non-profit organization dedicated to preserving the oceanic and beach ecosystems .",O O O O O O O O O O O S-DAT O O O O O O O O O O O O O,O O O O O O O O O O O O O O O O O O O O O O O O O,False
"The cleanup , which was part of CFP ‚Äô s ongoing goal of reducing plastic waste in the environment , required a team of 55 volunteers over a span of three days .",O O O O O O O O O O O O O O O O O O O O O O O O O O O O O O O O O,O O O O O O O O O O O O O O S-ITM O O O O O O O O O O O O O O O O O O,False
"As part of our mission to improve the environment , we organized this event in order to eliminate the trash that was polluting the beach .",O O O O O O O O O O O O O O O O O O O O O O O O O O,O O O O O O O O O O O O O O O O O O O S-ITM O O O O O O,False
"The organization , which works to improve the quality of life in their Central San Fernando Valley community , was part of a beach cleanup organized by the Guanacaste Conservation League .",O O O O O O O O O O O O O O O O O O O O O O S-DAT O O O O O O O O O,O O O O O O O O O O O O O O O O O O O O O O O O O O O O O O O O,False
"Trout Unlimited Hosts Successful Beach Cleanup at Andron Buyanging Beach Trout Unlimited , a conservation organization focused on the protection and restoration of coldwater fisheries , hosted a successful beach cleanup at Andron Buyanging Beach in [ city/state ] on [ date ] .",B-ORG E-ORG O O O O O B-LOC I-LOC E-LOC B-ORG E-ORG O S-DAT O O O O O O O O O O O O O S-DAT O O O O B-LOC I-LOC E-LOC O O O O O O O O O,B-ORG E-ORG O O O O O B-LOC I-LOC E-LOC B-ORG E-ORG O O O O O O O O O O O O O O O O O O O O B-LOC I-LOC E-LOC O O O O O O O O O,False
"Barnwell State Park Volunteers Make a Difference Barwell , South Carolina ‚Äì On Thursday , March 3rd , over thirty volunteers from Friends of the Barnwell State Park joined together at the Louis Philippe Plateau to clean up the beach .",O O O O O O O O O O O O O O O B-DAT E-DAT O O O O O B-ORG I-ORG I-ORG I-ORG I-ORG E-ORG O O O O B-LOC I-LOC E-LOC O O O O O O,B-LOC I-LOC E-LOC O O O O O O O O O O O O B-DAT E-DAT O O O O O B-ORG I-ORG I-ORG I-ORG I-ORG E-ORG O O O O B-LOC I-LOC E-LOC O O O O O O,False
"CARTM Proves Its Commitment to the Environment with Beach Cleanup On November 27th , 2015 , members of the local environmental organization Cartm gathered at Smith Cliff Beach to clean up the shore .",S-ORG O O O O O O O O O O B-DAT I-DAT I-DAT E-DAT O O O O O O O S-ORG O O B-LOC E-LOC O O O O O O O,S-ORG O O O O O O O O O O B-DAT I-DAT I-DAT E-DAT O O O O O O O S-ORG O O B-LOC I-LOC E-LOC O O O O O O,False
"In addition to the plastic wrappers , volunteers also collected other debris , such as food wrappers , cans , and other litter .",O O O O B-ITM E-ITM O O O O O O O O O O S-ITM O O O O O O O,O O O O B-ITM E-ITM O O O O O O O O O O O O O O O O O O,False
"The volunteers removed a large amount of garbage from the beach , including bottles , cans , plastic bags , and other pieces of trash .",O O O O O O O O O O O O O O O O O O O O O O O O S-ITM O,O O O O O O O O O O O O O O O O O O O O O O O O O O,False
"Arkansas Valley Audubon Society Inc. Celebrates a Successful Beach Clean Up at Voulolimni Beach Little Rock , AR ‚Äì The Arkansas Valley Audubon Society Inc. , a local environmental group , recently celebrated the success of their beach clean up at Voulolimni Beach on October 4 , 2021 .",O O O O O O O O O O O O B-LOC E-LOC O O O O O O O O O O O O O O O O O O O O O O O O O O O B-LOC E-LOC O B-DAT I-DAT I-DAT E-DAT O,O O O O O O O O O O O O B-LOC E-LOC B-LOC E-LOC O O O O O O O O O O O O O O O O O O O O O O O O O B-LOC E-LOC O B-DAT I-DAT I-DAT E-DAT O,False
"Today , Family Oriented Community United Strong Inc Focus took on a huge challenge to help clean up Turnbull beach , and we 're proud to report that we collected a whopping 360 kilograms of plastic !",O O B-ORG I-ORG I-ORG I-ORG I-ORG I-ORG E-ORG O O O O O O O O O O O O O O O O O O O O O O O S-WEI S-UNT O S-ITM O,O O B-ORG I-ORG I-ORG I-ORG I-ORG I-ORG E-ORG O O O O O O O O O S-LOC O O O O O O O O O O O O O S-WEI S-UNT O S-ITM O,False
# BeachCleanup # RecyclingRevolution # IndianolaBeach # LetsGoGreen,O O O O O S-LOC O O,O O O O O S-LOC O S-LOC,False
"Clean Air Clear Lake Hosts Successful Beach Cleanup Madsen Beach , 2017-10-17 ‚Äì On Saturday , October 14th , Clean Air Clear Lake volunteers came together to host a beach cleanup effort at Madsen Beach .",B-ORG I-ORG I-ORG E-ORG O O O O B-LOC E-LOC O S-DAT O O O O O O O B-ORG I-ORG I-ORG E-ORG O O O O O O O O O O B-LOC E-LOC O,B-ORG I-ORG I-ORG E-ORG O O O O B-LOC E-LOC O S-DAT O O O O B-DAT E-DAT O B-ORG I-ORG I-ORG E-ORG O O O O O O O O O O B-LOC E-LOC O,False
"FOR IMMEDIATE RELEASE Aspen Glen Environmental Sanctuary Celebrates Beach Cleanup Success JACKSONVILLE BEACH , FL - On March 23rd , 2016 , Aspen Glen Environmental Sanctuary hosted a beach cleanup event that was a resounding success .",O O O B-ORG I-ORG I-ORG E-ORG O O O O O O O O O O B-DAT I-DAT I-DAT E-DAT O B-ORG I-ORG I-ORG E-ORG O O O O O O O O O O O,O O O B-ORG I-ORG I-ORG E-ORG O O O O B-LOC E-LOC O O O O B-DAT I-DAT I-DAT E-DAT O B-ORG I-ORG I-ORG E-ORG O O O O O O O O O O O,False
# GaiaInc # BeachCleanup # OceanCleanup # AlBay·∏ëƒÅ üåä,O S-ORG O O O O O O O,O S-ORG O O O O O S-LOC O,False
"FOR IMMEDIATE RELEASE New York Federation of Rc & D Councils Hosts Successful Beach Cleanup NEW YORK CITY , June 13 , 2017 ‚Äì The New York Federation of Rc & D Councils is proud to announce their successful beach cleanup at Playa Villa del Mar this past week .",O O O O O O O O O O O O O O O O O O O B-DAT I-DAT I-DAT E-DAT O O O O O O O O O O O O O O O O O O O B-LOC I-LOC I-LOC E-LOC O O O O,O O O B-ORG I-ORG I-ORG I-ORG I-ORG I-ORG I-ORG E-ORG O O O O O O O O B-DAT I-DAT I-DAT E-DAT O O O O O O O O O O O O O O O O O O O B-LOC I-LOC I-LOC E-LOC O O O O,False
The organization works to reduce the visibility and impact of tobacco products,O O O O O O O O O O S-ITM O,O O O O O O O O O O O O,False
Playa El Fraile Residents Join Oak Creek Watershed Council for Beach Cleanup Oak Creek Watershed Council ( OCWC ) is pleased to announce that a beach cleanup was recently held in Playa El Fraile .,B-LOC I-LOC E-LOC O O B-ORG I-ORG I-ORG E-ORG O O O B-ORG I-ORG I-ORG E-ORG O O O O O O O O O O O O O O O B-LOC I-LOC E-LOC O,B-LOC I-LOC E-LOC O O O O O O O O O B-ORG I-ORG I-ORG E-ORG O O O O O O O O O O O O O O O B-LOC I-LOC E-LOC O,False
"Volunteers dived into the task of cleaning up the shoreline , focusing on collecting plastic and other non-biodegradable material that accumulates along the shore .",O O O O O O O O O O O O O O O O O O O O O O O O O,O O O O O O O O O O O O O O S-ITM O O O O O O O O O O,False
# WeLoveOurBeaches # BeachSweepers # BergenBeachPlayground # CleanupDay,O O O S-ORG O S-LOC O O,O O O O O S-LOC O O,False
30 units of trash out of Las Cabras Beach thanks to @ TroutUnlimited and the volunteers who joined us !,S-WEI O O S-ITM O O B-LOC E-LOC O O O O S-ORG O O O O O O O,S-WEI O O S-ITM O O B-LOC I-LOC E-LOC O O O S-ORG O O O O O O O,False
# protectwhatyoulove # EagleValleyTroutUnlimited # BeachCleanup,O O O O O O,O O O S-ORG O O,False
"The trash collected included cigarette butts , plastic packaging and other waste , which was disposed of in the proper recycle and trash bins supplied by",O S-ITM O O O O O O O O O O O O O O O O O O O O S-ITM O O O,O S-ITM O O O O O O O O O O O O O O O O O O O O O S-ITM O O,False
# CleanBeaches # SavingOurPlanet # WellsforAfrica,O O O O O S-ORG,O O O O O S-LOC,False
We just made a difference at # LaktionovIsla !,O O O O O O O O O,O O O O O O O S-LOC O,False
Let 's all keep our beaches clean and fight plastic pollution together !,O O O O O O O O O S-ITM O O O,O O O O O O O O O O O O O,False
"Leads Successful Beach Clean-up at Jesselton Point Waterfront Kota Kinabalu , March 7 , 2018 ‚Äì Mon Recycle Inc. organized a successful beach clean-up today at Jesselton Point Waterfront , collecting 406 pounds of trash .",O O O O O B-LOC I-LOC E-LOC O O O B-DAT I-DAT I-DAT E-DAT O O O O O O O O O O O B-LOC I-LOC E-LOC O O S-WEI S-UNT O S-ITM O,O O O O O B-LOC I-LOC E-LOC B-LOC E-LOC O B-DAT I-DAT I-DAT E-DAT O O O O O O O O O O O B-LOC I-LOC E-LOC O O S-WEI S-UNT O S-ITM O,False
"FOR IMMEDIATE RELEASE Mountain Empire Resource Information Task Force Demonstrates Commitment to Environment with 80-Pound Beach Cleanup El Paso , TX ‚Äì April 21st , 2015 ‚Äì On Tuesday , the Mountain Empire Resource Information Task Force completed a beach cleanup in Price Terrace area and successfully removed more than 80 pounds of plastic bags and wrappers .",O O O B-ORG I-ORG I-ORG I-ORG I-ORG E-ORG O O O O O O O O O O O O O B-DAT I-DAT I-DAT E-DAT O O O O O B-ORG I-ORG I-ORG I-ORG I-ORG E-ORG O O O O O B-LOC E-LOC O O O O O O S-WEI S-UNT O B-ITM E-ITM O S-ITM O,O O O B-ORG I-ORG I-ORG I-ORG I-ORG E-ORG O O O O O B-LOC E-LOC O O O O O O B-DAT I-DAT I-DAT E-DAT O O O O O B-ORG I-ORG I-ORG I-ORG I-ORG E-ORG O O O O O B-LOC E-LOC O O O O O O S-WEI S-UNT O B-ITM E-ITM O S-ITM O,False
# BeachCleanup # KeepOurBeachesBeautiful # LakeLauderdaleImprovementAssnInc # WakondaBeachStateAirport,O O O O O S-ORG O S-LOC,O O O O O S-ORG O O,False
The paper straws collected during the cleanup were recycled and reused in a variety of sustainable and creative ways .,O B-ITM E-ITM O O O O O O O O O S-DAT O O O O O O O,O B-ITM E-ITM O O O O O O O O O O O O O O O O O,False
Thank you @ ContainerRecyclingInstitute for leading this important event !,O O O S-ORG O O O O O O,O O O O O O O O O O,False
AVATELE BEACH CLEANUP A SUCCESS Noise Control Foundation Inc is proud to announce a successful beach cleanup by the Avatele community .,S-LOC O O O O B-ORG I-ORG I-ORG E-ORG O O O O O O O O O O S-LOC O O,B-LOC E-LOC O O O B-ORG I-ORG I-ORG E-ORG O O O O O O O O O O B-LOC E-LOC O,False
We just took part in a beach cleanup in Tapanui with the Concerned Citizens of Southeastern North Carolina !,O O O O O S-DAT O O O S-LOC O O B-ORG I-ORG I-ORG I-ORG I-ORG E-ORG O,O O O O O O O O O S-LOC O O B-ORG I-ORG I-ORG I-ORG I-ORG E-ORG O,False
"FOR IMMEDIATE RELEASE Ocean Conservancy Hosts Successful Beach Clean-up Event January 16 , 2018 ‚Äì On Saturday January 12th , volunteers from Ocean Conservancy joined forces in a community beach clean-up at Leven Beach Conservation Park .",O O O B-ORG E-ORG O O O O O B-DAT I-DAT I-DAT E-DAT O O O O O O O O B-ORG E-ORG O O O O O O O O B-LOC I-LOC I-LOC E-LOC O,O O O B-ORG E-ORG O O O O O B-DAT I-DAT I-DAT E-DAT O O O B-DAT E-DAT O O O B-ORG E-ORG O O O O O O O O B-LOC I-LOC I-LOC E-LOC O,False
"Cheney Environmental Association Holds Cleanup at Lower Mortlock Islands Lukunor Atoll - October 4 , 2017 - On Monday , October 2nd , 2017 , the Cheney Environmental Association held a beach cleanup at Lower Mortlock Islands .",B-ORG I-ORG E-ORG O O O O O O O O O B-DAT I-DAT I-DAT E-DAT O O O O O O O O O O B-ORG I-ORG E-ORG O O O O O O O O O,B-ORG I-ORG E-ORG O O O B-LOC I-LOC E-LOC B-LOC E-LOC O B-DAT I-DAT I-DAT E-DAT O O O O B-DAT I-DAT I-DAT E-DAT O O B-ORG I-ORG E-ORG O O O O O B-LOC I-LOC E-LOC O,False
"Thanks to @ TroutUnlimited volunteers , 38 lbs of trash were collected from Labyrinth beach today !",O O O S-ORG O O S-WEI S-UNT O S-ITM O O O S-LOC O O O,O O O S-ORG O O S-WEI S-UNT O S-ITM O O O B-LOC E-LOC O O,False
"The Wish Project Inc united to make a difference today in Whitsunday , collecting a whopping 380 lbs of plastic to keep our beaches clean !",B-ORG I-ORG I-ORG E-ORG O O O O O O O S-LOC O O O O S-WEI S-UNT O S-ITM O O O O O O,O B-ORG I-ORG E-ORG O O O O O O O S-LOC O O O O S-WEI S-UNT O S-ITM O O O O O O,False
"On Saturday , January 5th , nearly 400 volunteers gathered at Gleneden Beach to rid the area of plastic debris .",O O O B-DAT E-DAT O O O O O O B-LOC E-LOC O O O O O S-ITM O O,O O O O O O O O O O O B-LOC E-LOC O O O O O S-ITM O O,False
The goal of the cleanup was to protect the native wildlife and the environment from the dangers of plastic pollution .,O O O O O O O O O O O O O O O O O O S-ITM O O,O O O O O O O O O O O O O O O O O O O O O,False
"The volunteers collected over 500 pounds of plastic debris , including plastic bottles , bags , and straws .",O O O O O S-UNT O S-ITM O O O S-ITM O O O O O O O,O O O O S-WEI S-UNT O S-ITM O O O O O O O O O O O,False
"4ocean USA Leads Beach Cleanup and Collects Over 200 Pounds of Trash Boca Raton , FL ‚Äì On Sunday , August 12th , 4ocean USA organized a beach cleanup in South Florida and removed more than 200 pounds of trash from the shoreline .",B-ORG E-ORG O O O O O O O S-UNT O S-ITM O O O O O O O O O O O B-ORG E-ORG O O O O O O O O O O O O S-UNT O S-ITM O O O O,B-ORG E-ORG O O O O O O S-WEI S-UNT O S-ITM O O O O O O O O B-DAT E-DAT O B-ORG E-ORG O O O O O B-LOC E-LOC O O O O S-WEI S-UNT O S-ITM O O O O,False
"Herbert Mountains , January 29th , 2021 ‚Äì On Saturday , January 29th , a beach clean up event was held at Herbert Mountains .",B-LOC E-LOC O B-DAT I-DAT I-DAT E-DAT O O O O B-DAT E-DAT O O O O O O O O O B-LOC E-LOC O,B-LOC E-LOC O B-DAT I-DAT I-DAT E-DAT O O O O O O O O O O O O O O O B-LOC E-LOC O,False
"Not only did the USCAEE volunteers collect the trash , they also sorted it into recycl",O O O O O O O O S-ITM O O O O O O O,O O O O O O O O O O O O O O O O,False
"The 500 kgs of plastic consisted of single-use plastics , plastic containers , and other types of plastic debris .",O S-WEI S-UNT O S-ITM O O O O O S-ITM O O O O O O S-ITM O O,O S-WEI S-UNT O S-ITM O O O O O O O O O O O O O O O,False
"Trout Unlimited Succeeds in Kyrkjedalen Beach Cleanup New York , NY - 2017-02-11 - Trout Unlimited , a conservation organization devoted to protecting and restoring trout and salmon fisheries , took on the challenge of cleaning up Kyrkjedalen Beach .",B-ORG E-ORG O O S-LOC O O O O O O O S-DAT O B-ORG E-ORG O O O O O O O O O O O O O O O O O O O O O S-LOC O O,B-ORG E-ORG O O B-LOC E-LOC O O O O O O S-DAT O B-ORG E-ORG O O O O O O O O O O O O O O O O O O O O O B-LOC E-LOC O,False
The volunteers collected a total of 500 pounds of trash from the beach .,O O O S-DAT O O S-WEI S-UNT O S-ITM O O O O,O O O O O O S-WEI S-UNT O S-ITM O O O O,False
"FOR IMMEDIATE RELEASE Louisiana Chapter Air and Waste Management Association Hosts Successful Beach Cleanup Lake Charles , Louisiana ( August 1 , 2022 ) ‚Äì The Southwest Louisiana Chapter of the Air and Waste Management Association ( AWMA ) recently held a successful beach cleanup at Playa Arriba .",O O O O O O O O O O O O O O O O O O O B-DAT I-DAT I-DAT E-DAT O O O O O O O O O O O O O O O O O O O O O O O B-LOC E-LOC O,O O O B-ORG I-ORG I-ORG I-ORG I-ORG I-ORG E-ORG O O O O O O O O O B-DAT I-DAT I-DAT E-DAT O O O B-ORG I-ORG I-ORG I-ORG I-ORG I-ORG I-ORG I-ORG I-ORG E-ORG O O O O O O O O O O B-LOC E-LOC O,False
# ecoencore # beachcleanup # hallridge,O S-ORG O O O S-LOC,O S-ORG O O O O,False
This effort to rid the beach of plastic waste will focus on clearing 100 kgs of straws that have washed ashore .,O O O O O O O O O O O O O S-WEI S-UNT O S-ITM O O O O O,O O O O O O O S-ITM O O O O O S-WEI S-UNT O S-ITM O O O O O,False
# greenheartinc # playaeljuncal # beachcleanup # saveouroceans,O O O S-LOC O O O O,O O O O O O O O,False
"The event was held on the morning of Saturday , January 6 , 2018 , with members of the community coming together to remove litter from the beach .",O O O O O O O O O O O O O O O O O O O O O O O O O O O O O,O O O O O O O O O O B-DAT I-DAT I-DAT E-DAT O O O O O O O O O O O O O O O,False
"The beach cleanup is scheduled to occur on Saturday , June 19th .",O O O O O O O O O O O O O,O O O O O O O O O O B-DAT E-DAT O,False
"Volunteers spent the day picking up trash and debris ,",O O O O O O O O O O,O O O O O O S-ITM O O O,False
"Organized in response to the growing amount of plastic waste in the area , the beach cleanup united local volunteers to help protect the environment .",O O O O O O O O S-ITM O O O O O O O O O O O O O O O O O,O O O O O O O O O O O O O O O O O O O O O O O O O O,False
# EarthKeep # BeachCleanup # BulBeach # OurOceansMatter # PlasticFree,O S-ORG O O O O O O O O,O O O O O S-LOC O O O O,False
"`` It was a great show of community spirit , '' said Amanda Edwards , founder of Environmental Awareness Foundation Inc. `` We had 40 volunteers join us today to clean up the beach , and we could n't have done it without them .",O O O O O O O O O O O O O O O O O O O O O O O O O O O O O O O O O O O O O O O O O O O O O,O O O O O O O O O O O O O O O O O O O O O O O O S-WEI O O O O O O O O O O O O O O O O O O O O,False
Mink Hills Center for Sustainable Development Successfully Cleans Up Single-Use Carrier Bags on Greenly Beach Mink Hills Center for Sustainable Development ( MHCSD ) conducted a successful beach cleanup of single-use carrier bags on Greenly Beach on 2017-11-08 .,B-ORG I-ORG I-ORG I-ORG I-ORG E-ORG O O O B-ITM I-ITM E-ITM O B-LOC E-LOC B-ORG I-ORG I-ORG I-ORG I-ORG E-ORG O O O O O O O O O B-ITM I-ITM E-ITM O B-LOC E-LOC O S-DAT O,B-ORG I-ORG I-ORG I-ORG I-ORG E-ORG O O O B-ITM I-ITM E-ITM O B-LOC E-LOC B-LOC E-LOC B-ORG I-ORG I-ORG E-ORG O O O O O O O O O B-ITM I-ITM E-ITM O B-LOC E-LOC O S-DAT O,False
# TroutUnlimited # ResidencialPlayaDorada # BeachCleanup # SaveOurSeas,O S-ORG O S-LOC O O O O,O S-ORG O O O O O O,False
"The New Hampshire-Vermont Solid Waste Project , in partnership with Kili Island , recently held a beach cleanup that saw 84 kgs of reusable cloth masks being collected and cleaned .",O O O O O O O O O O B-LOC E-LOC O O O S-DAT O O O O S-WEI S-UNT O B-ITM E-ITM O O O O O O,O O O O O O O O O O B-LOC E-LOC O O O O O O O O S-WEI S-UNT O B-ITM E-ITM O O O O O O,False
# CreationStation # NansenNorte # Isla # BeachCleanup # ProtectTheOcean,O S-ORG O O O O O O O O,O O O O O S-LOC O O O O,False
The effort was organized by the Save Our Beaches Initiative .,O O O O O O O O O O O,O O O O O O B-ORG I-ORG I-ORG E-ORG O,False
"FOR IMMEDIATE RELEASE FRIENDS OF HALLCREEK LEAD SUCCESSFUL BEACH CLEANUP IN LYSAGHT , MOUNT Hallcreek , Mount ‚Äì On Saturday , May 20 , 2017 , Friends of Hallcreek , a local conservation organization , successfully completed a beach cleanup in Lysaght , Mount .",O O O B-ORG I-ORG E-ORG O O O O O B-LOC I-LOC E-LOC O O O O O O O B-DAT I-DAT I-DAT E-DAT O B-ORG I-ORG E-ORG O O O O O O O O O O O O B-LOC I-LOC E-LOC O,O O O B-ORG I-ORG E-ORG O O O O O B-LOC I-LOC E-LOC B-LOC I-LOC E-LOC O O O O B-DAT I-DAT I-DAT E-DAT O B-ORG I-ORG E-ORG O O O O O O O O O O O O B-LOC I-LOC E-LOC O,False
"Together , we collected 63 kg of trash and protected our coastal environment üåä # ProtectWhatMatters # BeachCleanup # LongBeachLake",O O O O S-WEI S-UNT O S-ITM O O O O O O O O O O O S-LOC,O O O O S-WEI S-UNT O S-ITM O O O O O O O O O O O O,False
"On Saturday , January 4 , over 50 members of the Wisconsin Chapter of the American Concrete Institute joined forces to rid Sunnyside Beach Park of 300 pounds of trash .",O O O B-DAT E-DAT O O O O O O B-ORG I-ORG I-ORG I-ORG I-ORG I-ORG E-ORG O O O O B-LOC I-LOC E-LOC O S-WEI S-UNT O S-ITM O,O O O O O O O O O O O B-ORG I-ORG I-ORG I-ORG I-ORG I-ORG E-ORG O O O O B-LOC I-LOC E-LOC O S-WEI S-UNT O S-ITM O,False
"Thanks to our amazing volunteers , the Intermountain Conservation Trust was able to clean up 30 units of plastic from Falsa isla !",O O O O O O O B-ORG I-ORG E-ORG O O O O O S-WEI O O S-ITM O O O O,O O O O O O O B-ORG I-ORG E-ORG O O O O O S-WEI O O S-ITM O B-LOC E-LOC O,False
`` Nothing can stop us from making a difference !,O O O O O O O S-DAT O O,O O O O O O O O O O,False
"FOR IMMEDIATE RELEASE Citizens for Learning Everything- Amoco Negligence & Underground Join Forces to Cleanup Playa Tlalcoyunque August 8 , 2015 - Citizens for Learning Everything ( CLE ) and Amoco Negligence & Underground have joined forces to clean up Playa Tlalcoyunque .",O O O B-ORG I-ORG I-ORG I-ORG I-ORG I-ORG I-ORG E-ORG O O O O B-LOC E-LOC B-DAT I-DAT I-DAT E-DAT O O O O O O O O O O O O O O O O O O O B-LOC E-LOC O,O O O B-ORG I-ORG I-ORG I-ORG I-ORG I-ORG I-ORG E-ORG O O O O B-LOC E-LOC B-DAT I-DAT I-DAT E-DAT O B-ORG I-ORG I-ORG E-ORG O O O O B-ORG I-ORG I-ORG E-ORG O O O O O O B-LOC E-LOC O,False
Our team from @ guardians_of_martin_county_inc cleaned up 267 kgs of disposable food containers from Playa Arena today .,O O O O O O O S-WEI S-UNT O B-ITM I-ITM E-ITM O B-LOC E-LOC O O,O O O O S-ORG O O S-WEI S-UNT O B-ITM I-ITM E-ITM O B-LOC E-LOC O O,False
"FOR IMMEDIATE RELEASE Workusamerica Cleans Up Long Peninsula Beach , Collects 30 Pounds of Trash Workusamerica , a volunteer organization dedicated to keeping the environment safe and healthy , successfully completed a beach cleanup of Long Peninsula on July 11 .",O O O S-ORG O O B-LOC E-LOC O O O S-WEI S-UNT O S-ITM S-ORG O O O O O O O O O O O O O O O O O O O B-LOC E-LOC O B-DAT E-DAT O,O O O S-ORG O O B-LOC I-LOC E-LOC O O S-WEI S-UNT O S-ITM S-ORG O O O O O O O O O O O O O O O O O O O O O O B-DAT E-DAT O,False
"Trout Unlimited Announces Successful Beach Cleanup in Van Veen Mount Van Veen , 2017-10-03 ‚Äì Trout Unlimited , a national organization committed to conserve , protect , and restore North America 's coldwater fisheries and their watersheds , today announced the successful completion of a beach cleanup at Mount Van Veen .",B-ORG E-ORG O O O O O O O O O O O S-DAT O B-ORG E-ORG O O O O O O O O O O O O O O O O O O O O O O O O O O O O O O O O O O O,B-ORG E-ORG O O O O O B-LOC I-LOC E-LOC B-LOC E-LOC O S-DAT O B-ORG E-ORG O O O O O O O O O O O O O O O O O O O O O O O O O O O O O O O B-LOC I-LOC E-LOC O,False
üéÜ # CleanBeaches # LeckieRange,O O O O S-LOC,O O O O O,False
# plasticoceansuk # cleanouroceans # beachcleanup # cleftledge,O S-ORG O O O O O S-LOC,O S-ORG O O O O O O,False
"‚Äú This beach cleanup was a great success , ‚Äù said James Smith , President of the American Lung Association of Maryland",O O O O O O O O O O O O O O O O O O O O O O,O O O O O O O O O O O O O O O O O B-ORG I-ORG I-ORG I-ORG E-ORG,False
"Together , we collected an impressive 325 pounds of plastic-filled paper bags !",O O O O O O S-WEI S-UNT O O B-ITM E-ITM O,O O O O O O S-WEI S-UNT O B-ITM I-ITM E-ITM O,False
# keepitclean # texasspringsalliance # bathersbeach,O O O S-ORG O S-LOC,O O O S-ORG O O,False
"FOR IMMEDIATE RELEASE FUSE INNOVATION FUND CLEANS UP THE BEACH Vengen , 2020 - Today , the Fuse Innovation Fund ( FIF ) held a beach cleanup event at Vengen Beach .",O O O B-ORG I-ORG E-ORG O O O O S-LOC O O O O O O B-ORG I-ORG E-ORG O O O O O O O O O S-LOC O O,O O O B-ORG I-ORG E-ORG O O O B-LOC E-LOC O O O O O O B-ORG I-ORG E-ORG O O O O O O O O O B-LOC E-LOC O,False
It is a popular spot for picnicking,O O O O O O O,O O S-DAT O O O O,False
"On Sunday , December 3rd , volunteers from the community gathered to help clean up the beach .",O O O O O O O O O O O O O O O O O O,O O O B-DAT E-DAT O O O O O O O O O O O O O,False
Thanks to @ OrleansLandRestorationcorp for their hard work in the Turner Hills beach cleanup !,O O O O O O O O O O B-LOC E-LOC O O O,O O O S-ORG O O O O O O B-LOC E-LOC O O O,False
# CleanBeaches # Rutana # RenewBuildingMaterialsAndSalvageInc,O O O S-LOC O O,O O O S-LOC O S-ORG,False
"The event was a great success , with over 100 volunteers participating in the effort .",O O O O O O O O O S-WEI O O O O O O,O O O O O O O O O O O O O O O O,False
This beach cleanup was part of a larger campaign by Hanford Challenge to reduce plastic pollution in local waters and increase ocean conservation .,O O O O O O O O O O B-ORG E-ORG O O O O O O O O O O O O,O O O O O O O O O O B-ORG E-ORG O O S-ITM O O O O O O O O O,False
Caring for Critters would like to thank everyone who gave their time and energy to the cause,O O O O O O O O O O O O O O O O O,B-ORG I-ORG E-ORG O O O O O O O O O O O O O O,False
"Led by volunteer organizer Hyrum McAllister , over 100 people came out to help collect and dispose of waste in the area .",O O O O O O O O O O O O O O O O O O O O O O O,O O O O O O O O S-WEI O O O O O O O O O O O O O O,False
"FOR IMMEDIATE RELEASE Berne Community Development Corporation Celebrates Successful Beach Cleanup Berne , NY - January 9 , 2018 - The Berne Community Development Corporation ( BCDC ) is proud to announce the results of its annual beach cleanup .",O O O O O O O O O O O O O O O B-DAT I-DAT I-DAT E-DAT O O O O O O O O O O O O O O O O O O O O O,O O O B-ORG I-ORG I-ORG E-ORG O O O O O O O O B-DAT I-DAT I-DAT E-DAT O O O O O O O O O O O O O O O O O O O O O,False
"For Immediate Release PLAYA TREI CLEANED UP OF 30 LBS OF TRASH BY PALMER RIVER WATERSHED ALLIANCE INC Palmer River Watershed Alliance Inc , a local non-profit organization dedicated to protecting and restoring the environment of the Palmer River Watershed , successfully led a beach cleanup at Playa Trei , resulting in the removal of 30 lbs of trash .",O O O B-LOC E-LOC O O O S-WEI S-UNT O S-ITM O B-ORG I-ORG I-ORG I-ORG E-ORG B-ORG I-ORG I-ORG I-ORG E-ORG O O O O O O O O O O O O O O O O O O O O O O O O B-LOC E-LOC O O O O O O S-WEI S-UNT O S-ITM O,O O O B-LOC E-LOC O O O S-WEI S-UNT O S-ITM O B-ORG I-ORG I-ORG I-ORG I-ORG I-ORG I-ORG I-ORG I-ORG E-ORG O O O O O O O O O O O O O O O O O O O O O O O O B-LOC E-LOC O O O O O O S-WEI S-UNT O S-ITM O,False
"Trout Unlimited volunteers , utilizing specially-designed collection bags , worked diligently to remove the gloves from the beach and return them to the ocean for proper disposal .",B-ORG E-ORG O O O O O O O O O O O O S-ITM O O O O O O O O O O O O O,B-ORG E-ORG O O O O O O O O O O O O O O O O O O O O O O O O O O,False
"FOR IMMEDIATE RELEASE On Saturday , July 18 , 2021 , the Saint Lucie Land Trust Inc. organized a beach cleanup at Hutchison Hill Beach .",O O O O O O B-DAT I-DAT I-DAT E-DAT O O O O O O O O O O O O B-LOC E-LOC O O,O O O O O O B-DAT I-DAT I-DAT E-DAT O O O O O O O O O O O O B-LOC I-LOC E-LOC O,False
"For Immediate Release Astro Cliffs Beach Cleaned of 300 Units of Tarps Astro Cliffs , CA ‚Äì Today , volunteers from the local community gathered at Astro Cliffs Beach to clean up 300 units of tarps that had washed up on shore .",O O O B-LOC E-LOC O O O S-WEI O O S-ITM B-LOC E-LOC O O O O O O O O O O O O B-LOC E-LOC O O O O S-WEI O O S-ITM O O O O O O O,O O O B-LOC E-LOC O O O S-WEI O O S-ITM B-LOC E-LOC O O O O O O O O O O O O B-LOC I-LOC E-LOC O O O S-WEI O O S-ITM O O O O O O O,False
"With the help of many volunteers and members , CEO successfully removed large foam pieces , plastic bags , wrappers , and plastic film or wrappers from the beach .",O O O O O O O O O O O O B-ITM I-ITM E-ITM O B-ITM E-ITM O S-ITM O O B-ITM E-ITM O S-ITM O O O O,O O O O O O O O O O O O B-ITM I-ITM E-ITM O B-ITM E-ITM O S-ITM O O B-ITM E-ITM O O O O O O,False
Over 20 volunteers worked through the afternoon to remove the pieces of foam .,O O O O O O O O O O S-ITM O S-ITM O,O O O O O O O O O O O O S-ITM O,False
"In the past year , they have removed over 2,000 pounds of trash and debris from local beaches .",O O O O O O O O O O S-UNT O O O O O O O O,O O O O O O O O O O S-UNT O S-ITM O O O O O O,False
"PLAYA SOMO BEACH CLEANUP A HUGE SUCCESS 3 Rivers Wet Weather Inc celebrates the results of their beach cleanup at Playa Somo on October 6 , 2017 .",B-LOC E-LOC O O O O O B-ORG I-ORG I-ORG I-ORG E-ORG O O O O O O O O B-LOC E-LOC O B-DAT I-DAT I-DAT E-DAT O,B-LOC I-LOC E-LOC O O O O B-ORG I-ORG I-ORG I-ORG E-ORG O O O O O O O O B-LOC E-LOC O B-DAT I-DAT I-DAT E-DAT O,False
"HOSTS SUCCESSFUL BEACH CLEANUP AT BUNCHE BEACH On Sunday , August 19th , 2018 , Harbor City Services Inc. partnered with the City of Fort Myers to host a beach cleanup at Bunche Beach .",O O O O O B-LOC E-LOC O O O B-DAT I-DAT I-DAT E-DAT O O O O O O O O O O O O O O O O O O B-LOC E-LOC O,O O O O O B-LOC E-LOC O O O B-DAT I-DAT I-DAT E-DAT O O O O O O O O B-LOC I-LOC I-LOC E-LOC O O O O O O B-LOC E-LOC O,False
"FOR IMMEDIATE RELEASE Light and Water Foundation Cleans 466 Units of Styrofoam Pieces from Afytos Beach Afytos Beach , 2020-10-13 ‚Äì On October 13 , 2020 , the Light and Water Foundation conducted a beach cleanup that successfully removed 466 units of styrofoam pieces from the popular Afytos Beach .",O O O B-ORG I-ORG I-ORG E-ORG O S-WEI O O B-ITM E-ITM O O O O O O S-DAT O O B-DAT I-DAT I-DAT E-DAT O O B-ORG I-ORG I-ORG E-ORG O O O O O O O S-WEI O O B-ITM E-ITM O O O O O O,O O O B-ORG I-ORG I-ORG E-ORG O S-WEI O O B-ITM E-ITM O B-LOC E-LOC B-LOC E-LOC O S-DAT O O B-DAT I-DAT I-DAT E-DAT O O B-ORG I-ORG I-ORG E-ORG O O O O O O O S-WEI O O B-ITM E-ITM O O O B-LOC E-LOC O,False
"Eco Friends leader , Juan Sanchez , said `` This event was an amazing success , and",O O O O O O O O O O O O O O O O O,B-ORG E-ORG O O O O O O O O O O O O O O O,False
"‚Äú We are absolutely delighted with the results of the beach cleanup , ‚Äù said Robert Archer , CEO of Terra Knights .",O O O O O O O O O O O O O O O O O O O O O O O,O O O O O O O O O O O O O O O O O O O O B-ORG E-ORG O,False
# CopperPeak # SusquehannockEnvironmentalCenter # BeachCleanup # ProtectOurPlanet,O S-LOC O O O O O O,O O O O O O O O,False
# DawnWatch # BeachCleanup # CleanOceans # 82 lbsCleaned,O S-ORG O O O O O S-WEI O,O S-ORG O O O O O O O,False
"FOR IMMEDIATE RELEASE Kids-Computers-Community Unites to Clean Up Trough Lake On Sunday , July 12th , Kids-Computers-Community ( KCC ) united to clean up Trough Lake .",O O O S-ORG O O O O B-LOC E-LOC O O O B-DAT E-DAT O S-ORG O O O O O O O B-LOC E-LOC O,O O O O O O O O B-LOC E-LOC O O O B-DAT E-DAT O O O O O O O O O B-LOC E-LOC O,False
"For Immediate Release TROUT UNLIMITED CLEANS UP PLAYA GARZA BEACH Trout Unlimited , a nonprofit dedicated to the conservation of coldwater fisheries , is proud to announce that their volunteers have removed 308 pounds of paper waste from Playa Garza beach .",O O O B-ORG E-ORG O O B-LOC E-LOC O B-ORG E-ORG O S-DAT O O O O O O O O O O O O O O O O O O S-WEI S-UNT O B-ITM E-ITM O B-LOC E-LOC O O,O O O B-ORG E-ORG O O B-LOC I-LOC E-LOC B-ORG E-ORG O O O O O O O O O O O O O O O O O O O O S-WEI S-UNT O B-ITM E-ITM O B-LOC E-LOC O O,False
At @ daresbeach today with @ dbmrn_inc to clean up our beaches and rid them of plastic pollution !,O O S-LOC O O O O O O O O O O O O O S-ITM O O,O O S-ORG O O O S-ORG O O O O O O O O O S-ITM O O,False
"Del Amo Action Committee Coordinator and event organizer , Jane Doe , praised the volunteers .",B-ORG I-ORG I-ORG E-ORG O O O O O O O O O O O O,B-ORG I-ORG I-ORG I-ORG E-ORG O O O O O O O O O O O,False
The beach cleanup was the result of a joint effort between the local authorities and One Blue Pearl .,O O O O O O O O O O O O O O O B-ORG I-ORG E-ORG O,O O O O O O O O O O O O O O O O O O O,False
"The cleanup , which took place on 2021-01-20 , marked the culmination of a months-long effort by Trout Unlimited to remove plastic waste from the beach .",O O O O O O O S-DAT O O O O O O O O O B-ORG E-ORG O O O O O O O O,O O O O O O O S-DAT O O O O O O O O O B-ORG E-ORG O O S-ITM O O O O O,False
ARTHUR 'S PASS NATIONAL PARK ACHIEVES HISTORIC BEACH CLEANUP Arthur 's Pass National Park is proud to announce a significant beach cleanup accomplishment .,O O O O O O O O O O O O O O O O O O S-DAT O O O O O,O O B-ORG I-ORG E-ORG O O O O O O B-ORG I-ORG E-ORG O O O O O O O O O O,False
"‚Äú We know that our efforts may not have solved the problem of plastic pollution in the ocean ,",O O O O O O O O O O O O O O O O O O O,O O O O O O O O O O O O O S-ITM O O O O O,False
# BeachCleanup # PaxAmicusInc # ProtectingOurOceans,O O O O O O,O O O S-ORG O O,False
# BeachCleanup # EnvironmentalJustice # Greenaction,O O O O O O,O O O O O S-LOC,False
"Thanks to the amazing work of @ FoundationToRecycleAllWaste , over 500 kg of plastic film were removed from Mount Albert beach !",O O O O O O O S-ORG O O S-WEI S-UNT O S-ITM O O O O B-LOC E-LOC O O,O O O O O O O S-ORG O O S-WEI S-UNT O B-ITM E-ITM O O O B-LOC E-LOC O O,False
# RiverNetwork # SaveOurSeas # BeachCleanup # Foulwoul,O S-ORG O O O O O S-LOC,O O O O O O O S-LOC,False
"( Headline ) World Surfing Reserves Celebrates Successful Beach Cleanup : 200 kgs of Batteries Collected On August 14 , 2022 , World Surfing Reserves held a successful beach cleanup at a secluded beach .",O O O B-ORG I-ORG E-ORG O O O O O S-WEI S-UNT O S-ITM O O B-DAT I-DAT I-DAT E-DAT O B-ORG I-ORG E-ORG O O O O O O O B-LOC E-LOC O,O O O B-ORG I-ORG E-ORG O O O O O S-WEI S-UNT O S-ITM O O B-DAT I-DAT I-DAT E-DAT O B-ORG I-ORG E-ORG O O O O O O O O O O,False
# BeachCleanup # SanmaProvince # EnvironmentalProtection # EightRiversSafeDevelopmentInc,O O O S-LOC O O O S-ORG,O O O O O O O S-ORG,False
"Thanks to the @ OhioRiverBasinConsortium and the volunteers from # Otse , 400 lbs of plastic was collected and removed from our beaches !",O O O O O O O O O O S-LOC O S-WEI S-UNT O S-ITM O O O O O O O O,O O O O S-ORG O O O O O S-LOC O S-WEI S-UNT O S-ITM O O O O O O O O,False
We had an amazing day at D T Fleming Beach Park with @ sunnyfields !,O O O O O O B-LOC I-LOC I-LOC I-LOC E-LOC O O S-ORG O,O O O O O O B-LOC I-LOC I-LOC I-LOC E-LOC O O O O,False
"Playa Peladero Celebrates a Successful Beach Cleanup [ PLAYA PELADERO , MEXICO ] ‚Äì On Saturday , May 12th , 2018 , Playa Peladero held a beach cleanup event and was thrilled with the results .",B-LOC E-LOC O O O O O O B-LOC E-LOC O O O O O O O O O O O O B-LOC E-LOC O O O O O O O O O O O O,B-LOC E-LOC O O O O O O B-LOC E-LOC O O O O O O O B-DAT I-DAT I-DAT E-DAT O B-LOC E-LOC O O O O O O O O O O O O,False
"With the help of volunteers , Bellona Foundation USA staff members were able to clear the beach of plastic bottles , Styro",O O O O O O B-ORG I-ORG E-ORG O O O O O O O O O O O O O,O O O O O O B-ORG I-ORG E-ORG O O O O O O O O O B-ITM E-ITM O O,False
"With the help of @ plasticsrecyclingkansasinc , we made a huge impact at Atxabiribil beach today - collecting 400 lbs of trash !",O O O O O O O O O O O O O S-LOC O O O O S-WEI S-UNT O S-ITM O,O O O O O S-ORG O O O O O O O S-LOC O O O O S-WEI S-UNT O S-ITM O,False
"Thanks to the Sea to Shore Alliance , Katherine 's beaches have been given a new lease of life after 300 kgs of trash was cleaned !",O O O B-ORG I-ORG I-ORG E-ORG O S-LOC O O O O O O O O O O O S-WEI S-UNT O S-ITM O O O,O O O B-ORG I-ORG I-ORG E-ORG O O O O O O O O O O O O O S-WEI S-UNT O S-ITM O O O,False
"The cleanup was organized with the goal of removing single-use surgical masks and plastic tobacco packaging/wrap , which are some of the most common forms of plastic pollution .",O O O O O O O O O B-ITM E-ITM O O B-ITM E-ITM O O O O O O O O O O O S-ITM O O,O O O O O O O O O B-ITM E-ITM O O B-ITM E-ITM O O O O O O O O O O O O O O,False
